index,plant_type,disease_name,explanation,solution,image_url
0,사과 , 딱지,"사과 딱지는 미네소타의 사과나무와 게사과나무에서 가장 흔한 질병입니다.
딱지는 잎과 과일 모두를 감염시키는 곰팡이에 의해 발생합니다.
딱지 과일은 먹기에 부적합한 경우가 많습니다.
감염된 잎에는 올리브 녹색에서 갈색 반점이 나타납니다.
잎 반점이 많은 잎은 노랗게 변하고 일찍 떨어진다.
잎사귀 손실이 수년 연속 발생하면 나무가 약해집니다.
질병에 강한 품종을 심는 것이 딱지를 관리하는 가장 좋은 방법입니다.","가능하다면 저항성 품종을 선택하십시오.
내년 봄에 질병 주기를 다시 시작할 수 있는 곰팡이 포자의 수를 줄이기 위해 나무 밑을 긁어 모으고 감염된 잎을 파괴합니다.
감염이 발생하기 전에 잎이 건조될 시간을 주기 위해 저녁이나 이른 아침 시간에 물을 줍니다(머리 위 관개는 피함).
나무 아래에 3~6인치 두께의 퇴비를 뿌리고 줄기에서 멀리 떨어지게 하여 토양을 덮고 곰팡이 포자가 튀는 것을 방지합니다.
최선의 통제를 위해 증상이 정상적으로 나타나기 2주 전에 액체 구리 비누를 일찍 뿌리십시오. 또는 질병이 처음 나타날 때 적용을 시작하고 꽃이 떨어질 때까지 7~10일 간격으로 반복합니다.",https://extension.umn.edu/sites/extension.umn.edu/files/apple-scab-1.jpg
1,사과 , 블랙 로트,"잎 증상은 잎이 펼쳐지는 봄 초에 처음으로 질병이름나타납니다.
이는 잎의 윗면에 작은 보라색 반점으로 나타나며 직경 1/8~1/4인치(3~6mm)의 원형 병변으로 확대됩니다.
병변의 가장자리는 보라색으로 남아 있고 중앙은 황갈색으로 변합니다. 몇 주 안에 이러한 잎 반점의 2차 확대가 발생합니다.
심하게 감염된 잎은 백화되고 낙엽이 발생합니다.
썩은 부위가 확대됨에 따라 검은색에서 갈색으로 색상이 번갈아 나타나는 균일한 너비의 일련의 동심원 띠가 형성됩니다. 썩은 부위의 살은 단단하고 가죽 같은 느낌을 유지합니다. 감염된 과일의 표면에는 검은색 산낭이 종종 보입니다.","끝 부분에서 최소 15인치 아래로 가지치기를 하여 궤양을 제거하고 태우거나 묻습니다. 또한 새 시즌 가지치기로 예방 관리를 하고, 태워도 좋습니다. 휴면기에는 가지치기를 하는 것이 좋습니다. 이렇게 하면 화재 마름병이 나무를 감염시키고 Botryosphaeria에 쉽게 감염될 수 있는 죽은 조직을 생성할 확률이 최소화됩니다. 우박으로 인해 나무껍질이 손상되거나 폭풍으로 인해 가지가 부러지는 경우에도 예방 조치를 취해야 합니다. 구리 기반 살균제를 사용하면 검은 부패와 화재병을 예방할 수 있습니다.",http://www.omafra.gov.on.ca/english/crops/facts/blackrotf1.jpg
2,사과 , 삼나무 녹,"삼나무 사과녹병(Gymnosporangium juniperi-virginianae)은 노간주나무가 복잡한 2년의 수명주기를 완료해야 하는 곰팡이 질병입니다. 포자는 다양한 노간주나무 종의 어린 가지에 적갈색 담즙으로 월동합니다. 이른 봄, 습한 날씨에 이 혹이 부풀어 오르고 밝은 주황색 포자 덩어리가 바람에 날려 취약한 사과나무와 게사과나무를 감염시킵니다. 이 나무에서 자라는 포자는 다음 해에만 노간주나무를 감염시킵니다. 해마다 질병은 노간주나무에서 사과, 노간주나무로 다시 전염되어야 합니다. 사과나무 사이에는 퍼질 수 없습니다.","가능한 경우 저항성 품종을 선택하십시오.
나무 아래에 있는 낙엽과 기타 잔해물을 긁어 모아 처리합니다.
감염된 주니퍼의 담즙을 제거하십시오. 어떤 경우에는 주니퍼 식물을 완전히 제거해야 합니다.
주니퍼 숙주가 방출하는 포자로부터 나무를 보호하기 위해 싹이 터질 때부터 시작하여 매주 사과에 사용하도록 라벨이 붙은 질병 퇴치 예방 살균제를 적용하십시오. 이는 1년에 한 번만 발생하므로 이번 봄 확산 이후에는 추가 적용이 필요하지 않습니다.
주니퍼의 녹은 8월 말에서 10월 말 사이에 구리 용액(0.5~2.0oz/갤런 물)을 최소 4회 뿌리면 제어할 수 있습니다.
세레나데 가든으로 대부분의 곰팡이 및 세균성 질병을 안전하게 치료하세요. 이 광범위한 생물 살균제는 유기농용으로 등록된 특허받은 Bacillus subtilis 균주를 사용합니다. 무엇보다도 세레나데는 꿀벌과 익충에 전혀 독성이 없습니다.",https://www.planetnatural.com/wp-content/uploads/2012/12/apple-rust.jpg
3,사과 , 건강하다,"대부분의 과일과 마찬가지로 사과도 햇볕이 잘 드는 곳에서 재배할 때 가장 잘 생산됩니다. 즉, 여름에 직사광선이 매일 6시간 이상 지속되는 것을 의미합니다. 사과가 가장 잘 노출되는 곳은 남쪽이 아닌 집의 북쪽, 나무 경계선 또는 언덕입니다.사과 나무는 배수가 잘 되는 토양이 필요하지만 어느 정도 수분을 유지할 수 있어야 합니다.","사과는 영양가가 높습니다. 
사과는 체중 감량에 도움이 될 수 있습니다.
사과는 심장에 좋을 수 있습니다. 
당뇨병 발병 위험이 낮습니다. 
프리바이오틱 효과가 있고 좋은 장내 세균을 촉진할 수 있습니다.
사과의 물질은 암 예방에 도움이 될 수 있습니다.",https://previews.123rf.com/images/msnobody/msnobody1508/msnobody150800002/43698436-red-apple-on-a-branch-of-an-apple-tree-on-a-sunny-day-organic-farmingagriculture-fresh-healthy-natur.jpg
4,나뭇잎 없는 배경,,해당 이미지에는 나뭇잎이 없습니다.,나뭇잎이 포함된 이미지를 다시 업로드해 주세요.,https://cdn.onlinewebfonts.com/svg/img_332817.png
5,블루베리 , 건강함,"블루베리는 칼로리는 낮지만 영양소는 높습니다. ...
블루베리는 항산화 식품의 왕입니다. ...
블루베리는 노화와 암으로부터 보호하는 데 도움이 될 수 있는 DNA 손상을 감소시킵니다. ...
블루베리는 혈액 내 콜레스테롤이 손상되는 것을 방지합니다. ...
블루베리는 혈압을 낮출 수 있습니다.","피트모스, 솔잎 또는 잘 숙성된 톱밥과 같은 깊고 pH가 낮은 뿌리덮개는 물을 보존하고 토양 수분 변동을 최소화합니다. 낮에는 블루베리 식물에 물을 주세요. 토양을 촉촉하게 유지하되 눅눅하지 않게 유지하세요. 성장기에는 일주일에 최소 1인치, 과일이 익는 동안에는 일주일에 최대 4인치를 줍니다. 블루베리는 뿌리가 얕은 식물입니다. 따라서 수분을 유지하면서도 배수가 잘되고 젖지 않는 토양이 필요합니다. 습한 상태로 유지되는 무겁고 점토질 토양이 있는 장소에는 블루베리를 심지 마십시오.",https://image.shutterstock.com/image-photo/blueberry-leaf-collection-isolated-on-260nw-308491814.jpg
6,체리 , 흰가루병,"첫 번째 관개 시작 후 7~10일에 종종 발생하는 초기 증상은 취약한 어린 잎(새로 펼쳐진 잎과 연한 녹색 확장 잎)에 가볍고 대략 원형의 가루처럼 보이는 반점입니다. 오래된 잎은 흰가루병에 대한 연령 관련(개체 발생) 저항성을 가지며 자연적으로 어린 잎보다 감염에 대한 저항력이 더 높습니다. 뿌리 흡반, 캐노피 내부 또는 습도가 높은 나무의 가랑이에서 초기 잎 감염을 찾으십시오. 다른 곰팡이와 달리 흰가루병은 발아하는 데 자유수가 필요하지 않지만 습도가 높으면 발아와 곰팡이 성장이 유리합니다. 이 질병은 잎의 밑면(배축)에서 시작될 가능성이 더 높지만 후기 단계에서는 양쪽 모두에서 발생합니다. 계절이 진행되고 바람에 의해 감염이 퍼지면 잎이 뒤틀리고 위쪽으로 말릴 수 있습니다. 심한 감염으로 인해 잎이 주름지고 뒤틀릴 수 있습니다. 새싹에 새로 발달한 잎은 점차 작아지고, 종종 창백해지고 뒤틀릴 수 있습니다.","절단 가장자리를 소독한 다음 식물의 병든 부분을 잘라내어 즉시 폐기합니다. 동시에, 과일 나무에 남아 있는 잎을 보호하기 위해 살균제를 바르십시오. 계절 전체에 걸쳐 나무를 보호하려면 라벨 지침에 따라 살균제 살포를 반복해야 합니다.",http://treefruit.wsu.edu/wp-content/uploads/2017/05/Fig1.png
7,체리 , 건강함,"신 체리와 달콤한 체리 사이에는 관리에 차이가 없습니다.
습기를 유지하기 위해 뿌리 덮개를 적용하십시오.
새들로부터 과일을 보호하기 위해 나무 위에 그물을 쳐 놓습니다.
건조한 지역에 정기적으로 물을 주세요.
벚나무는 일반적으로 초여름에 자연적으로 얇아지기 때문에 과일을 솎아낼 필요가 없습니다.","영양이 가득합니다.
항산화제와 항염증 화합물이 풍부합니다.
운동 회복력을 높일 수 있습니다.
심장 건강에 도움이 될 수 있습니다.
관절염과 통풍의 증상을 개선할 수 있습니다.
수면의 질을 향상시킬 수 있습니다.
다이어트에 쉽게 추가할 수 있습니다.",https://previews.123rf.com/images/annafrby/annafrby1907/annafrby190700078/127086189-cherry-on-branch-with-green-leaf-healthy-food-fresh-fruit-two-ripe-berries-of-a-cherry-on-a-branch-l.jpg
8,옥수수 , Cercospora 잎 반점 | 회색 잎 반점,"Cercospora zeae-maydis 곰팡이에 의해 발생하는 옥수수의 회색 잎 반점은 미국에서 다년생으로 경제적으로 피해를 주는 질병입니다. 1990년대 중반 이후 이 질병은 인디애나에서 그 중요성이 증가했으며 현재는 인디애나 주에서 가장 중요한 옥수수 잎 질병 중 하나입니다. 회색 잎 반점병은 Magnaporthe grisea라고도 불리는 Pyrularia grisea 곰팡이에 의해 발생합니다. . 플로리다에서 흔히 볼 수 있는 따뜻한 비가 자주 내리는 기간은 이 곰팡이 질병에 유리한 조건을 만듭니다. 이 곰팡이는 성장 속도를 늦추고, 확립된 임분을 가늘게 하며, 세인트 조지의 넓은 지역을 죽일 수 있습니다.","깊게 관개하되 자주 하지 마십시오.
질병이 활성화된 동안에는 잔디밭에 제초제를 사용하지 마십시오.
중간에서 높은 수준의 질소 비료를 피하십시오.
잔디밭의 공기 순환과 조명 수준을 개선합니다.
적절한 높이에서 예초하고 잔디가 말랐을 때만 예초하십시오.",https://upload.wikimedia.org/wikipedia/commons/thumb/1/12/Gray_leaf_spot_Cercospora_zeae-maydis_5465607.png/330px-Gray_leaf_spot_Cercospora_zeae-maydis_5465607.png
9,옥수수 , 일반적인 녹,비록 성장 기간 내내 옥수수 밭에서 약간의 녹농포가 항상 발견될 수 있지만 일반적으로 술을 달기 전까지는 증상이 나타나지 않습니다. 이는 옥수수 잎의 윗면과 아랫면 모두에 흩어져 있는 어둡고 적갈색의 농포(요로증)가 발생하여 다른 질병과 쉽게 인식되고 구별될 수 있습니다. 이 농포는 식물의 지상 어느 부분에나 나타날 수 있지만 잎에 가장 많이 나타납니다. 농포는 타원형에서 길쭉한 모양으로 나타나며 일반적으로 작고 길이가 1/4인치 미만이며 뚫고 나온 잎 표피층으로 둘러싸여 있습니다. ,옥수수 녹병의 발생을 줄이려면 곰팡이에 저항성이 있는 옥수수만 심으십시오. 저항성은 인종별 저항성 또는 부분적인 녹 저항성 형태로 나타납니다. 두 경우 모두 단옥수수는 완전히 저항력이 없습니다. 옥수수에 감염 증상이 나타나기 시작하면 즉시 살균제를 뿌립니다.,https://ohioline.osu.edu/sites/ohioline/files/imce/Plant_Pathology/PLNTPTH-CER-02_Figure_1.png
10,옥수수 , 북부잎마름병,"북부 옥수수잎마름병(NCLB)은 곰팡이인 Setosphaeria turcica에 의해 발생합니다. 증상은 대개 아래쪽 잎에서 먼저 나타납니다. 잎의 병변은 길고(1~6인치) 타원형이며 처음에는 회녹색이지만 이후에는 연한 회색 또는 황갈색으로 변합니다. 습한 조건에서는 일반적으로 잎의 아래쪽 표면에 어두운 회색 포자가 생성되어 병변에 ""더러운"" 회색 모양이 나타납니다. 심하게 병든 식물의 잎 전체가 죽을 수 있으므로 개별 병변은 눈에 띄지 않습니다. 귀 바깥 껍질에 병변이 발생할 수 있지만 귀 알갱이는 감염되지 않습니다. 곰팡이에 대한 저항성을 갖는 Ht 유전자를 함유한 잡종의 경우 병변은 더 작고 백화되며 선형 줄무늬로 발전할 수 있습니다. 이 병변은 포자를 거의 생성하지 않습니다.",살균제 적용으로 북부 옥수수 잎마름병 피해가 감소하고 수확량을 보호했습니다. 감수성 옥수수 잡종의 수확량 감소에서 살균제 값이 더 높았습니다. 살균제는 질병 발병 시 적용하는 경우 가장 효과적이었습니다. 질병 발병은 성장 단계에 따라 다양하므로 살균제를 적용하기 가장 좋은 단계입니다.,https://crop-protection-network.s3.amazonaws.com/articles/NLB-Daren-Mueller-02.jpg
11,옥수수 , 건강,"옥수수 식물은 낮에는 화씨 75~80도, 밤에는 화씨 65~70도를 선호합니다. 토양은 지속적으로 촉촉하게 유지되어야 하지만 눅눅하지 않아야 하며 비료는 6개월에 한 번씩만 필요합니다. 드라세나는 낮은 조명 조건에서도 사용할 수 있지만 밝고 간접적인 조명에 배치할 때 가장 잘 작동합니다. 식물이 몇 개의 노란 잎을 생산하는 것은 자연스러운 일이므로 걱정할 필요가 없습니다. 그러나 전체적으로 많은 노란 잎을 생산하는 경우 한 번, 예를 들어 5~6번 정도 물을 너무 많이 주거나 식물에 빛이 부족할 수 있습니다.","옥수수에는 여러 가지 건강상의 이점이 있습니다. 섬유질 함량이 높기 때문에 소화에 도움이 됩니다. 또한 전반적인 건강에 중요한 귀중한 비타민 B가 포함되어 있습니다. 옥수수는 또한 아연, 마그네슘, 구리, 철, 망간과 같은 필수 미네랄을 우리 몸에 제공합니다.",https://c8.alamy.com/comp/A85TR2/young-healthy-green-leaves-of-corn-maize-plant-in-pretty-unfolding-A85TR2.jpg
12,포도 , 블랙 로트,"포도검은썩음병은 덥고 습한 날씨에 포도나무를 공격하는 자낭균류인 Guignardia bidwellii에 의해 발생하는 곰팡이 질병입니다. “포도검은썩음병은 북미 동부에서 시작되었지만 현재는 유럽, 남미 및 아시아 일부 지역에서 발생합니다. 따뜻하고 습한 기후에서는 작물의 완전한 손실을 초래할 수 있지만 여름이 건조한 지역에서는 거의 알려지지 않았습니다. 이름은 잎에 자라는 갈색 반점과 접해 있는 검은색 무늬에서 유래되었습니다. 이 질병은 또한 식물의 다른 부분, 즉 포도나무의 모든 녹색 부분, 즉 새싹, 잎 및 과일 줄기, 덩굴손 및 과일을 공격합니다. 가장 해로운 영향은 과일에 미치는 영향입니다. Mancozeb은 BONIDE MANCOZEB FLOWABLE 살균제로 제공됩니다. 이는 37% Mancozeb을 함유하고 있으며 검은 부패를 제어하는 ??데 매우 효과적입니다. Nova(myclobutanil)는 IMMUNOX FUNGICIDE로 제공됩니다. 이는 1.55% 마이클로부타닐이며 검은 부패를 제어하는 ??데 효과적입니다.,https://upload.wikimedia.org/wikipedia/commons/thumb/c/cb/Guignardia_bidwellii_08.jpg/330px-Guignardia_bidwellii_08.jpg
13,포도 : 에스카 | 흑역병, 포도홍역"," 에스카 흑홍역 또는 스페인 홍역이라고도 불리는 이 질병은 오랫동안 식별 가능한 원인 유기체가 부족하고 알 수 없는 증상이 표현되어 포도 재배자들을 괴롭혀 왔습니다. '홍역'이라는 이름은 과일에서 발견되는 표면적인 반점을 의미합니다(그림 1). 계절 동안에는 반점이 피부 표면에 합쳐져 열매가 검은색으로 변할 수 있습니다. 얼룩은 과일이 착과되기 전부터 수확하기 며칠 전 사이에 언제든지 발생할 수 있습니다. 착과 시 영향을 받은 열매는 성숙되지 않고 오그라들고 건조해지는 경향이 있습니다. 계절 후반에 영향을 받은 과일을 발견하는 것 외에도 매운 맛도 있습니다. 잎 증상은 해마다 감염이 심할 때 '호랑이 줄무늬' 패턴(그림 2-바닥 잎)이 특징입니다. 경미한 감염은 다른 질병이나 영양 결핍과 혼동될 수 있는 잎 증상(그림 2-상부 잎)을 유발할 수 있습니다. 흰색 품종은 황백화 부분과 괴사가 나타나는 반면, 빨간색 품종은 빨간색 부분과 괴사가 뒤따르는 특징을 갖습니다. 이른 봄 증상에는 싹 끝 잎이 말라 죽고 심한 경우에는 완전한 고엽이 포함됩니다.""현재까지 이 질병을 통제할 효과적인 방법은 없습니다. 감염된 열매, 잎 및 줄기를 제거하고 파괴하십시오. 자두 상처를 보호하여 곰팡이 감염을 최소화하십시오. 상처 밀봉제(아크릴 페인트에 5% 붕산) 또는 에센셜 오일 또는 적절한 살균제.
",https://www.researchgate.net/profile/Laura-Mugnai/publication/43161073/figure/fig1/AS:340404659605512@1458170203496/Symptoms-associated-with-esca-of-grapevine-chlorosis-and-necrosis-on-the-leaves-showing_Q320.jpg
14,포도 , 잎마름병 | 이사리오프시스 잎 반점,"곰팡이는 포도나무의 모든 녹색 부분을 공격할 수 있는 절대 병원체입니다.
이 질병의 증상은 흰가루병의 증상과 혼동되는 경우가 많습니다. 감염된 잎에는 연한 황록색 병변이 나타나 점차 갈색으로 변합니다. 심하게 감염된 잎은 조기에 떨어지는 경우가 많습니다. 감염된 잎자루, 덩굴손 및 새싹은 종종 말리며 목자 모양의 구부러진 부분이 생기고 결국 갈색으로 변하여 죽습니다.
어린 열매는 감염에 매우 취약하며 종종 곰팡이의 흰색 열매 구조로 덮여 있습니다. 흰색 품종의 감염된 오래된 열매는 흐릿한 회색 녹색으로 변하는 반면, 검은색 품종의 열매는 분홍빛이 도는 빨간색으로 변합니다.","접종원 수준을 줄이기 위해 휴면 스프레이를 적용합니다.
잘라내 다. 
그 캐노피를 열어보세요.
방어를 포기하지 마십시오.
일찍 스카우트하고, 자주 스카우트하세요.
보호제와 전신 살균제를 사용하십시오.
살균제 저항성을 고려하십시오.
날씨를 살펴보세요.",https://www.goodfruit.com/wp-content/uploads/Black-rot-lesions-on-leaves-indicate-potential-for-fruit-infection-1-feat2.jpg
15,포도 , 건강,뿌리 부분에만 물을 뿌리십시오. 많은 포도 질병을 유발할 수 있으므로 포도 잎이 젖지 않도록 하십시오. 가을에는 어린 덩굴에 물을 주는 것을 줄여 식물이 겨울을 준비하기 위해 지팡이를 단단하게 만들도록 장려합니다. 오래된 포도나무는 모래나 기타 배수가 잘 되는 토양이 아닌 이상 물을 줄 필요가 거의 없습니다.,"영양소, 특히 비타민 C와 K가 풍부합니다.
높은 항산화 성분은 만성 질환을 예방할 수 있습니다.
식물성 화합물은 특정 유형의 암을 예방할 수 있습니다. 
다양한 인상적인 방법으로 심장 건강에 유익합니다.
혈당 수치를 낮추고 당뇨병을 예방할 수 있습니다.",https://images.indianexpress.com/2021/02/grapes-1200.jpg
16,오렌지 , 하웅롱빙 | 감귤녹화,"감귤녹화병은 매개체에 의해 전염되는 병원균에 의해 발생하는 감귤류의 질병입니다. HLB는 정맥과 인접 조직이 황변되는 일반적인 증상으로 구별됩니다. 그 다음 전체 잎의 얼룩덜룩한 반점, 조기 고엽, 잔가지의 고사, 영양 잔뿌리 및 측면 뿌리의 부패, 활력 감소, 궁극적으로 전체 식물이 죽게 됩니다. 영향을 받은 나무는 성장이 둔화되고, 비수기 꽃이 여러 개 피고(대부분은 떨어짐), 바닥에 녹색이 남아 있고 매우 쓴 맛이 나는 두껍고 창백한 껍질이 있는 작고 불규칙한 모양의 열매를 맺습니다. 일반적인 증상은 종종 영양 결핍으로 오인될 수 있습니다. 그러나 영양 결핍을 구별하는 요소는 대칭 패턴입니다. 영양 결핍은 잎맥 가장자리를 따라 대칭적인 경향이 있는 반면, HLB는 잎맥 주변에서 비대칭적인 황변을 나타냅니다. HLB의 가장 눈에 띄는 증상은 특히 익은 후에 과일이 녹색으로 변하고 성장이 둔해지는 것입니다.",감귤녹화병의 확산을 막는 유일한 방법은 ACP(Asian Citrus Psyllid)를 통제하는 것입니다. 감귤류는 매우 인기 있고 널리 심는 정원수이기 때문에 주택 소유자는 이 중요한 전투의 최전선에 있습니다. 레몬 나무에 님 오일 살충제를 잎의 위쪽과 아래쪽 모두에 뿌립니다. 감염 정도에 따라 10~14일 후에 반복해야 할 수도 있습니다. 액체 구리 살균제로 곰팡이 성장을 처리하여 후속 조치를 취하십시오.,https://www.universityofcalifornia.edu/sites/default/files/CitrusGreening.jpg
17,복숭아 , 세균 반점,"반점병은 Xanthomonas campestris pv.에 의한 복숭아, 천도복숭아, 살구, 자두의 중요한 질병이다. 자두. 이 질병의 증상으로는 과일 반점, 잎 반점, 나뭇가지 궤양 등이 있습니다. 과일 증상에는 움푹 패임, 갈라짐, 고무질, 물에 젖은 조직 등이 있으며, 이로 인해 과일이 갈색 부패, 뿌리줄기 및 기타 곰팡이 감염에 더 취약해질 수 있습니다. 심한 잎 반점 감염은 조기 낙엽을 유발할 수 있습니다. 심한 낙엽은 과일 크기 감소, 일광 화상 및 과일 갈라짐을 초래할 수 있습니다. 초기에 낙엽된 나무는 활력과 겨울철 강인함이 감소합니다.","세균성 반점의 과일 증상은 곰팡이 Cladosporium carpophyllium에 의해 발생하는 복숭아 딱지와 혼동될 수 있습니다. 그러나 딱지 반점은 더 원형이고 짙은 갈색/녹색을 띠며 보송보송한 모양을 가지며 과일 표면에 구멍이 나지 않습니다. 단, 피부 균열이 발생할 수 있습니다. 딱지는 잎에 증상을 일으키지 않지만 나뭇가지에 반점을 일으킬 수 있습니다. 박테리아 반점의 초기 과일 반점은 표면적일 수 있지만 분화구로 발전합니다.",https://www.gardeningknowhow.com/wp-content/uploads/2016/07/bacterial-spot-peach.jpg
18,복숭아 , 건강함,"복숭아나무는 USDA 구역 5~8 또는 9에서 자라며 작은 크기나 표준 크기로 제공되므로 뒷마당 과수원에 적합합니다. 대부분의 관상용 식물과 달리 복숭아나무는 건강하고 건강하게 유지하기 위해 정기적인 가지치기, 비료, 살포가 필요합니다. 생산적인. 나무 주변의 땅에 물과 영양분을 놓고 경쟁하는 풀과 잡초를 제거하고 뿌리 덮개를 넉넉하게 하십시오.","영양소와 항산화제가 함유되어 있습니다. 
소화에 도움이 될 수 있습니다. 
심장 건강을 향상시킬 수 있습니다. 
피부를 보호할 수 있습니다.
특정 유형의 암을 예방할 수 있습니다.
알레르기 증상을 줄일 수 있습니다.
널리 이용 가능하며 식단에 쉽게 추가할 수 있습니다.",https://www.tasteofhome.com/wp-content/uploads/2019/06/peaches-shutterstock_297863489-1.jpg
19,고추종 , 세균 반점,"오래된 잎의 아래쪽 표면에 작은 여드름으로 나타나는 잎 반점과 잎 위쪽 표면에 물에 젖은 작은 반점으로 나타나는 잎 반점은 세균 반점의 증상입니다. 이것은 메릴랜드에서 중요한 고추 질병입니다. 때로는 토마토를 공격하기도 합니다. 결국, 반점은 가장자리가 더 어두운 회색에서 황갈색으로 발전합니다. 따뜻하고 습한 날씨에는 병변이 확대됩니다. 잎은 노란색으로 변한 다음 갈색으로 변하고 떨어질 수 있습니다. 줄기에도 병변이 발생할 수 있습니다. 과일에는 먹는 품질에 영향을 주지 않는 작고 융기된 거친 반점이 생깁니다. 심하게 감염된 잎은 떨어져서 고추가 햇볕에 데일 수 있습니다. 세균성 잎 반점은 비를 뿌리고 젖고 감염된 식물을 작업함으로써 퍼집니다. 이 질병은 습한 날씨에 식물의 잎을 고갈시킬 수 있습니다. 덥고 건조한 날씨로 인해 이 질병의 확산이 느려집니다. 이 질병은 종자나 이식에 감염될 수 있으며 작물 잔재물과 토양에서 겨울을 보낼 수 있습니다.","저항성 품종 선택
질병이 없는 종자와 이식품을 구입하십시오.
씨앗을 10% 염소 표백제 용액(표백제 1부, 물 9부)에 2분 동안 담가서 처리합니다. 심기 전에 씨앗을 철저히 헹구고 말리십시오.
짚이나 잔디 조각으로 덮은 신문지와 같은 두꺼운 유기 물질로 식물을 깊이 뿌리 덮개합니다.
머리 위 급수를 피하십시오.
계절이 끝나면 심하게 감염된 식물 부분과 모든 잔해물을 제거하고 폐기하십시오.
감염 확산을 늦추기 위해 고정 구리(유기 살균제)를 10~14일마다 뿌립니다.
감염이 심할 경우 고추를 다른 위치로 돌려 놓고 심기 전에 검은색 플라스틱 덮개나 검은색 경관용 천으로 흙을 덮습니다.",https://extension.umd.edu/sites/default/files/_images/programs/grow_it_eat_it/diseases/BacterialLeafSpot/bacterial_leaf_spot_pepper_plant_l.jpg
20,페퍼벨 , 건강함,"피망에 물을 잘 공급하되 흙이 젖지 않도록 하세요. 약 6인치 깊이의 토양이 젖도록 물을 준 다음 약간 말리십시오. 과일이 맺힐 때, 작은 고추가 꽃을 대신할 때, 그리고 종이 성숙할 때 물을 주는 것이 특히 중요합니다. 일정한 수분은 고추를 단단하고 건강하게 유지하는 데 도움이 됩니다.","빨강, 주황, 노랑 피망은 건강상의 이점이 풍부합니다. 비타민이 풍부하고 칼로리가 낮습니다! 비타민 A, 비타민 C, 칼륨의 훌륭한 공급원입니다. 피망에는 또한 건강한 양의 섬유질, 엽산 및 철분이 포함되어 있습니다.",https://www.healthbenefitstimes.com/9/gallery/bell-peppers/Bell-pepper-leaves.jpg
21,감자 , 초기 역병,"대부분의 생산 지역에서는 조기 마름병이 매년 어느 정도 발생합니다. 초기 마름병의 심각성은 비, 이슬 또는 관개로 인한 잎의 습기 빈도에 따라 달라집니다. 잎의 영양 상태; 및 품종 감수성. 초기 마름병의 첫 번째 증상은 오래된(아래쪽) 잎에 작고 원형이거나 불규칙한 암갈색에서 검은색 반점으로 나타납니다. 이 반점은 직경이 최대 3/8인치까지 커지고 점차 각진 모양이 될 수 있습니다. 완전히 확장된 어린 잎의 초기 병변은 갈색 반점 병변과 혼동될 수 있습니다. 이러한 첫 번째 병변은 감염 후 약 2~3일 후에 나타나며, 3~5일 후에 병변 표면에 추가 포자가 발생합니다.",조기 마름병 치료에는 질병에 저항성이 있는 감자 품종을 심는 등의 예방이 포함됩니다. 늦게 성숙하는 품종은 조기 성숙하는 품종보다 저항력이 더 강합니다. 머리 위 관개를 피하고 식물 사이에 충분한 공기를 공급하여 잎이 가능한 한 빨리 건조되도록 하십시오.,https://www.ag.ndsu.edu/publications/crops/early-blight-in-potato/figure-1-opt.jpeg/@@images/468990cc-77a9-4e29-8779-0eb3e94e0407.jpeg
22,감자 , 역병,"일차 숙주는 감자이지만 P. infestans는 감자에 대한 접종원 역할을 할 수 있는 토마토, 피튜니아 및 털이 많은 가지를 포함한 다른 가지과 식물도 감염시킬 수 있습니다. 밭에서 역병의 첫 번째 증상은 작으며 밝거나 어둡습니다. 녹색, 원형 내지 불규칙한 모양의 물에 젖은 반점. 이러한 병변은 일반적으로 아래쪽 잎에 먼저 나타납니다. 병변은 종종 이슬이 가장 오래 머무르는 잎 끝이나 가장자리 근처에서 발생하기 시작합니다. 시원하고 습한 날씨에는 이러한 병변이 빠르게 커져 크고 짙은 갈색 또는 검은색 병변으로 확장되며 종종 기름기가 많은 것처럼 보입니다. 잎의 병변은 흔히 노란색 황백화 후광으로 둘러싸여 있습니다.","심각한 역병은 질병 발병 시 만코제브 0.25% 예방적 스프레이, 이어서 시목사닐+만코제브 또는 디메토모르프+만코제브 0.3% 스프레이, 전신 살균제 살포 7일 후 0.25% 만코제브 1회 추가 스프레이로 효과적으로 관리할 수 있습니다. 서 뱅갈 ",https://www.ag.ndsu.edu/publications/crops/late-blight-in-potato/figure-2-opt.jpeg/@@images/dfe1e0b4-08d4-404a-8e66-474de72b1e91.jpeg
23,감자 , 건강,많은 감자가 성장하려면 일정한 수분 수준이 필요하므로 덩이줄기가 자라면 매일 정기적으로 물을 주세요. 감자에 물을 줄 때 감자는 땅바닥 높이 약 8-10인치까지 도달해야 합니다. 덥거나 따뜻한 계절에는 토양이 빨리 건조되므로 감자에 하루에 두 번 많은 양의 물을 줍니다.,"영양소가 가득 들어있습니다. 핀터레스트에 공유하세요.
항산화제를 함유하고 있습니다. 감자에는 플라보노이드, 카로티노이드, 페놀산과 같은 화합물이 풍부합니다(4).
혈당 조절을 개선할 수 있습니다.
소화 건강을 향상시킬 수 있습니다.
당연히 글루텐 프리입니다.
믿을 수 없을만큼 채워집니다.
매우 다재다능합니다.",https://www.garden.eco/wp-content/uploads/2018/06/can-you-eat-potato-leaves.jpg
24,라즈베리 , 건강함,"봄부터 수확 후까지 일주일에 1인치씩 물을 줍니다. 자주 물을 주는 것보다 자주 물을 주는 것이 더 좋습니다. 줄에서 멀리 자라는 ""빨판""이나 지팡이를 파내어 라즈베리 덤불을 깔끔하게 유지하십시오. 파내지 않으면 영양분을 빼앗아 내년에 열매를 덜 맺게 될 것입니다.",이는 심장 기능에 필수적인 칼륨을 제공하고 혈압을 낮추는 것으로 입증되었습니다. 라즈베리의 오메가-3 지방산은 뇌졸중과 심장병을 예방하는 데 도움이 될 수 있습니다. 또한 건강한 뼈와 피부에 필요하고 혈당 조절에 도움이 되는 망간이라는 미네랄을 함유하고 있습니다.,https://www.gardeningknowhow.com/wp-content/uploads/2009/04/raspberry.jpg
25,대두 , 건강함,콩이 토양을 통과할 때까지 모판을 균일하게 촉촉하게 유지하십시오. 꽃이 피고 꼬투리가 형성되는 동안 정기적으로 물을 줍니다. 꽃과 꼬투리가 떨어질 수 있으므로 머리 위로 물을 주지 마십시오. 토양 수분을 보존하기 위해 토양이 60°F(16°C) 이상으로 따뜻해지면 뿌리 덮개를 하십시오.,"섬유질 함량이 높음
단백질 함량이 높음
포화지방이 적다
콜레스테롤이 없는
유당이 없는
오메가-3 지방산의 좋은 공급원
항산화제의 공급원
식물성 에스트로겐 함량이 높습니다.",https://upload.wikimedia.org/wikipedia/commons/a/ac/Soybean_leaves.jpg
26,스쿼시 , 흰가루병,"흰색 가루 반점이 잎의 윗면과 아랫면 모두에 형성될 수 있으며 빠르게 큰 반점으로 확대됩니다.
흰가루병은 식물을 약화시키고 과일은 조기에 익습니다. 감염된 식물에서는 열매가 점점 더 작아집니다.
따뜻하고 건조한 환경에서는 새로운 포자가 형성되어 질병이 쉽게 퍼집니다.
흰가루병의 증상은 미네소타의 한여름에서 늦여름에 처음으로 나타납니다.
적절한 간격, 식물 고정 및 잡초 제거를 통해 식물 주변에 좋은 공기 흐름을 제공하십시오.
과거에 흰가루병으로 인해 수확량이 감소했던 지역에서 감수성 품종이 자라면 살균제가 필요할 수 있습니다.",베이킹 소다 1테이블스푼과 세제가 없는 액체 비누 1/2티스푼을 물 1갤런과 섞은 다음 혼합물을 식물에 넉넉하게 뿌립니다. 구강 청결제. 입안의 세균을 죽이기 위해 매일 사용하는 구강 청결제는 흰가루병 포자를 죽이는 데도 효과적일 수 있습니다.,https://extension.umn.edu/sites/extension.umn.edu/files/styles/caption_medium/public/powdery-mildew-2.jpg?itok=Un68av52
27,딸기 , 잎 태우기,"잎마름 증상은 일반적인(Mycosphaerella) 잎 반점의 초기 단계와 매우 유사하며 불규칙한 어두운 보라색 반점이 잎 표면에 흩어져 있습니다. 반점이 커지면서 타르 방울처럼 보이기 시작하고 실제로는 곰팡이의 검은 자실체(acervuli)가 축적된 것입니다. 반점의 중앙은 보라색으로 남아 있고(Mycosphaerella 잎 반점에서는 흰색임) 뚜렷한 병변 경계가 없습니다. 심한 감염에서는 이들 부위가 합쳐지고 병변 사이의 조직은 종종 품종, 온도 또는 기타 요인에 따라 자줏빛에서 밝은 붉은색을 띠게 됩니다. 잎은 결국 갈색으로 변하고 건조되며 가장자리가 말려 잎이 그을린 것처럼 보입니다. acervuli와 분생포자의 형태를 검사하면 질병이 진행된 단계에서 잎 반점과 잎 마름병을 구별하는 데 도움이 될 수 있습니다. 잎마름병반의 상부 잎 표면에서 아세르불리는 반짝이는 포자 덩어리와 어두운 사경으로 인해 어둡습니다. 잎자루 병변은 길고 움푹 들어가고 자줏빛에서 갈색을 띠며 잎자루를 둘러싸서 잎을 죽일 수 있습니다. 달리는 사람, 과일 줄기, 과일 및 모자도 감염될 수 있습니다. 식물이 약해지고 수관의 수와 활력이 감소할 수 있습니다. 감염은 식물을 겨울과 가뭄 스트레스에 취약하게 만듭니다. 심한 감염에서는 꽃과 과일이 죽을 수도 있습니다.",딸기 식물의 잎이 눌어붙는 현상은 실망스러울 수 있지만 가정 정원사가 정원에 잎이 눌어붙는 것을 방지하기 위해 사용할 수 있는 몇 가지 전략이 있습니다. 딸기 잎 마름을 관리하는 주요 수단은 항상 예방이어야 합니다. 이 곰팡이 병원체는 감염된 식물의 낙엽에서 겨울을 보내기 때문에 적절한 정원 위생이 중요합니다. 여기에는 딸기 밭에서 감염된 정원 잔해물을 제거하는 것뿐만 아니라 새로운 딸기 이식을 자주 하는 것도 포함됩니다. 오래된 식물은 심각한 감염 징후를 보일 가능성이 높기 때문에 새로운 식목과 딸기 밭을 만드는 것은 일관된 딸기 수확을 유지하는 데 중요합니다.,https://content.ces.ncsu.edu/media/images/17531_IMG_2126.JPG
28,딸기 , 건강,"그들은 많은 빛을 사랑하고 필요로 하기 때문에 햇볕이 잘 드는 장소를 찾으십시오. 나는 아침 햇살을 받는 곳을 더 좋아한다.
화분 및/또는 기타 용기에 담아 둔 경우 햇빛의 변화를 활용하기 위해 낮 동안 옮기는 것이 좋습니다.
그들은 목마른 식물입니다. 매일 물을 주세요. 특히 과일을 생산하는 경우에는 더욱 그렇습니다. 질병 예방을 위해 아침에 하는 것이 좋으며 잎이 젖지 않도록 하는 것이 가장 좋습니다.
극한의 기상 조건과 바람으로부터 보호하십시오. 햇빛을 좋아하더라도 한낮의 직사광선에 노출되는 것도 해로울 수 있다는 점에 유의하세요.
화분의 배수가 잘 되는지 확인하세요.
잡초와 원치 않는 식물을 점검하십시오.
딸기를 생산하려면 많은 에너지가 필요하기 때문에 비료를 주어야 합니다. 균형 잡힌 비료(10-10-10, 12-12-12 등)를 구입하세요. 비료를 너무 많이 사용하면 과일 수확량이 감소하고 러너 생산이 촉진될 수도 있으므로 지침을 따르십시오.","딸기의 하트 모양 실루엣은 이 과일이 당신에게 좋다는 첫 번째 단서입니다. 이 강력한 작은 패키지는 심장을 보호하고 HDL(좋은) 콜레스테롤을 증가시키며 혈압을 낮추고 암을 예방합니다.

비타민, 섬유질, 특히 폴리페놀로 알려진 높은 수준의 항산화제가 함유된 딸기는 무나트륨, 무지방, 무콜레스테롤, 저칼로리 식품입니다. 항산화 능력이 있는 상위 20개 과일 중 하나이며 망간과 칼륨의 좋은 공급원입니다. 딸기 8개 정도의 1회 제공량은 오렌지 1개보다 더 많은 비타민 C를 제공합니다.",https://www.canr.msu.edu/uploads/images/7-12-11-MARK-plhstrw4.jpg
29,토마토 , 세균 반점,"토마토의 세균성 반점은 잠재적으로 파괴적인 질병으로, 심각한 경우에는 판매할 수 없는 과일과 심지어 식물의 죽음까지 초래할 수 있습니다.  세균 반점은 토마토가 재배되는 곳 어디에서나 발생할 수 있지만 온실뿐만 아니라 따뜻하고 습한 기후에서 가장 자주 발견됩니다.  이 질병은 위스콘신에서 종종 문제가 됩니다. 세균 반점은 잎, 줄기, 과일을 포함하여 토마토 식물의 모든 지상 부분에 영향을 미칠 수 있습니다.  박테리아 반점은 잎에 작은(0.25cm 미만), 때로는 물에 젖은(즉, 젖은 것처럼 보이는) 원형 영역으로 나타납니다.  반점은 처음에는 황록색일 수 있지만 시간이 지나면서 갈색을 띤 빨간색으로 어두워집니다.  질병이 심할 경우 잎이 광범위하게 황변되고 잎이 손실될 수도 있습니다.  녹색 과일의 반점은 일반적으로 작고 융기된 물집 모양이며 노란색 후광이 있을 수 있습니다.  과일이 성숙해짐에 따라 반점은 커지고(최대 크기는 1인치에 도달) 갈색으로 변하고 딱지가 생기고 거칠어집니다.  성숙한 반점은 솟아오를 수도 있고 가장자리가 올라와 함몰될 수도 있습니다.","오염된 종자나 묘목에 세균성 반점 병원균이 유입되는 것을 방지하기 위해 병원균이 없는 종자나 이식을 심습니다.  깨끗한 종자 공급원을 이용할 수 없거나 종자가 오염되었다고 의심되는 경우 종자를 122°F의 물에 25분 동안 담그십시오. 병원균을 죽이기 위해.  잎을 건조한 상태로 유지하고 병원균의 확산을 방지하려면 정착된 식물에 머리 위 물주기(예: 막대 또는 스프링클러 사용)를 피하고 대신 점적 테이프나 흡수 호스를 사용하십시오.  또한 확산을 방지하려면 식물이 젖었을 때(예: 이슬로 인해) 다루지 말고 10% 표백제 용액 또는 (더 나은) 70% 알코올(예: 소독용 알코올)을 사용하여 도구를 정기적으로 소독하십시오.  세균 반점이 반복적으로 문제가 되는 경우, 특히 따뜻하고 습한 기간 동안 토마토에 사용하도록 등록된 구리 기반 제품을 예방 용도로 사용하는 것을 고려하십시오.  그러나 구리를 과도하게 또는 장기간 사용하면 더 이상 질병을 통제할 수 없다는 점을 명심하십시오.  가장 안전하고 효과적인 방법으로 제품을 사용하려면 선택한 제품의 모든 라벨 지침을 읽고 따르십시오.",https://www.growingproduce.com/wp-content/uploads/2019/08/bacterial_spot_tomato.jpg
30,토마토 , 초기 역병,"조기 마름병은 가장 흔한 토마토 질병 중 하나이며, 토마토가 재배되는 곳에서는 거의 매 계절마다 발생합니다.
이는 잎, 과일 및 줄기에 영향을 미치며 민감한 품종을 사용하고 날씨가 좋을 때 수확량을 심각하게 제한할 수 있습니다.
심한 낙엽이 발생하여 과일에 햇볕에 데일 수 있습니다.
조기 마름병은 미네소타의 포장 및 고터널 토마토 생산 모두에서 흔히 발생합니다.","공기 순환을 개선하고 곰팡이 문제를 줄이기 위해 식물을 가지치기하거나 심습니다.
전지를 자를 때마다 전지가위를 소독하십시오(표백제 1:물 4:1).
식물 아래의 토양을 깨끗하게 유지하고 정원 잔해물이 없도록 유지하십시오. 포자가 식물에 다시 튀는 것을 방지하기 위해 유기 퇴비 층을 추가하십시오.
점적 관개 및 담그는 호스를 사용하여 잎을 건조하게 유지할 수 있습니다.
최선의 방제를 위해, 질병이 일반적으로 나타나기 2주 전이나 일기예보에서 장기간 습한 날씨가 예상되는 경우 일찍, 구리 기반 살균제를 적용하십시오. 또는 질병이 처음 나타날 때 치료를 시작하고 필요한 기간 동안 7~10일마다 반복합니다.
구리와 피레스린을 함유한 Bonide? Garden Dust는 많은 곤충 공격과 곰팡이 문제에 대한 안전한 원스텝 제어 장치입니다. 최상의 결과를 얻으려면 잎의 윗면과 아랫면을 얇고 균일한 필름이나 먼지로 덮으십시오. 잎 밀도에 따라 10온스는 625평방피트를 덮을 수 있습니다. 필요에 따라 7-10일마다 반복하여 적용하십시오.",https://extension.umn.edu/sites/extension.umn.edu/files/styles/large/public/early-blight-leaf-tomato.jpg?itok=woYQQlrF
31,토마토 , 역병,"역병은 난균류 Phytophthora infestans에 의해 발생합니다. 난균류는 물곰팡이라고도 불리는 곰팡이 같은 유기체이지만 실제 곰팡이는 아닙니다.
P. 인페스탄스에는 다양한 계통이 있습니다. 이를 클론 계통이라고 하며 숫자 코드(예: US-23)로 지정됩니다. 많은 클론 계통이 토마토와 감자 모두에 영향을 주지만 일부 계통은 한 숙주 또는 다른 숙주에만 특정합니다. 역병은 토마토 식물의 잎, 줄기 및 열매를 감염시키는 토마토와 감자의 잠재적으로 파괴적인 질병입니다.
이 질병은 들판에 빠르게 퍼지며, 치료하지 않으면 농작물이 완전히 망가질 수 있습니다.
감자의 역병은 1840년대 후반 아일랜드 감자 기근의 원인이었습니다.","위생은 토마토 역병을 통제하는 첫 번째 단계입니다. 정원 지역에서 모든 잔해와 떨어진 과일을 청소하십시오. 이는 장기간 동결 가능성이 낮고 토마토 역병이 떨어진 과일에서 겨울을 날 수 있는 따뜻한 지역에서 특히 중요합니다. 현재, 후기 토마토 마름병에 저항성을 갖는 토마토 품종은 없으므로 적어도 일주일에 두 번 식물을 검사해야 합니다. 역병 증상은 습한 환경에서 발생할 가능성이 더 높으므로 이 기간에는 더 많은 주의가 필요합니다. 가정 정원사의 경우 마네브, 만코제브, 클로로타놀릴 또는 고정 구리가 함유된 살균제는 토마토 후기 마름병으로부터 식물을 보호하는 데 도움이 될 수 있습니다. 질병은 언제든지 발생할 수 있으므로 성장기 내내 반복적으로 적용해야 합니다. 유기농 정원사의 경우 사용이 승인된 고정 구리 제품이 있습니다. 그렇지 않으면 감염된 모든 식물을 즉시 제거하고 파괴해야 합니다.","https://www.canr.msu.edu/contentAsset/image/e97d1ef0-5b55-49b0-ab4e-c57dcbeca65e/fileAsset/filter/Resize,Jpeg/resize_w/750/jpeg_q/80"
32,토마토 , 잎 곰팡이,"토마토 잎 곰팡이는 잎이 젖어 있는 기간이 길고 상대 습도가 높을 때(85% 이상) 발생할 수 있는 곰팡이 질병입니다. 이러한 수분 요구량으로 인해 이 질병은 주로 농구장과 온실에서 나타납니다. 토마토 잎 곰팡이는 이른 봄 기온(화씨 50.9도)이나 여름의 특징적인 기온(90F)에 발생할 수 있습니다. 최적의 토마토 잎 곰팡이 온도는 70도 초반입니다.

질병의 증상은 잎 윗면에 노란색 반점이 나타나는 것입니다. 영향을 받은 잎의 아래쪽에서 올리브 녹색 포자의 분리된 덩어리를 볼 수 있습니다.","토마토 식물을 살균제로 처리할 때는 토양 위에 있는 식물의 모든 부분, 특히 질병이 자주 발생하는 잎의 밑면을 덮도록 하십시오. 잎 곰팡이 문제를 치료하려면 염화칼슘 기반 스프레이를 사용하는 것이 좋습니다. 유기농 살균제 옵션도 이용 가능합니다.",https://www.gardeningknowhow.com/wp-content/uploads/2018/04/tomato-leaf-mold-400x300.jpg
33,토마토 , Septoria 잎 반점,Septoria 잎 반점은 Septoria lycopersici라는 곰팡이에 의해 발생합니다. 이는 토마토 잎에 가장 파괴적인 질병 중 하나이며 습하고 습한 날씨가 장기간 지속되는 지역에서 특히 심합니다. Septoria 잎 반점은 일반적으로 첫 번째 열매가 맺힌 후 아래쪽 잎에 나타납니다. 반점은 원형이고 직경이 약 1/16~1/4인치이며 가장자리는 짙은 갈색이고 중앙에는 황갈색에서 회색까지 작은 검은색 자실 구조가 있습니다. 특징적으로 잎당 반점이 많다. 이 질병은 가장 오래된 성장부터 가장 어린 성장까지 위쪽으로 퍼집니다. 잎병변이 많으면 잎이 약간 노랗게 변한 후 갈색으로 변한 후 시들어진다. 과일 감염은 드뭅니다.,"병든 잎을 제거하십시오. 
식물 주변의 공기 순환을 개선하십시오.
식물 바닥 주위에 뿌리 덮개를하십시오. 멀칭은 잔해와 관련된 곰팡이 포자를 포함할 수 있는 토양이 튀는 것을 줄여줍니다. 토양이 따뜻해진 후에 뿌리 덮개를 적용하십시오.
머리 위 급수를 사용하지 마십시오. 머리 위 물을 뿌리면 감염이 촉진되고 질병이 퍼집니다. 잎을 건조하게 유지하려면 식물 바닥에 담그는 호스를 사용하십시오. 이른 아침에 물을 줍니다.
잡초를 통제하십시오. Nightshade와 Horsenettle은 Septoria 잎 반점의 숙주인 경우가 많으므로 정원 주변에서 제거해야 합니다.
자르기 회전을 사용합니다. 내년에는 병든 토마토가 자란 동일한 위치에 토마토를 다시 심지 마십시오. 잠깐만요? 이 지역에 토마토를 다시 심기 몇 년 전입니다.
살균 스프레이를 사용하십시오.",https://www.missouribotanicalgarden.org/portals/0/Gardening/Gardening%20Help/images/Pests/Septoria_Leaf_Spot_of_Tomato187.jpg
34,토마토 , 거미 진드기 | 두 점박이 진드기,"점박이 진드기는 뉴잉글랜드의 야채와 과일 작물을 공격하는 가장 흔한 진드기 종입니다. 거미 진드기는 토마토, 가지, 감자, 멜론, 오이와 같은 포도나무 작물 및 기타 작물에서 발생할 수 있습니다. 점박이 진드기는 가지의 가장 중요한 해충 중 하나입니다. 연간 최대 20세대를 가지며 과도한 질소와 건조하고 먼지가 많은 환경을 선호합니다. 진드기 집단의 관리를 돕는 수많은 천적을 방해하는 광범위한 살충제의 사용으로 인해 발생하는 경우가 많습니다. 대부분의 해충과 마찬가지로 문제를 조기에 발견하면 통제가 더 쉬워집니다.","잡초가 많은 밭을 피하고 콩과 식물 작물 근처에 가지를 심지 마십시오.
다른 해충에 대한 초기 시즌의 광범위한 살충제 적용을 피하십시오.
과도하게 비료를 주지 마십시오.
머리 위 관개나 장기간의 비는 인구 감소에 도움이 될 수 있습니다.",https://entomology.ca.uky.edu/files/styles/panopoly_image_original/public/310a.jpg?itok=XNlP0H9H
35,토마토 , 대상 지점,"질병은 오래된 잎에서 시작하여 위쪽으로 퍼집니다. 첫 번째 징후는 노란색 여백이 있는 불규칙한 모양의 점(1mm 미만)입니다. 일부 점은 최대 10mm까지 확대되고 특징적인 고리를 표시하므로 ""표적 지점""이라는 이름이 붙었습니다. 모든 전단지 및 다른 잎으로의 확산 속도가 빨라서 잎이 노랗게 변하고 쓰러져 죽게 됩니다. 줄기에도 반점이 생긴다. 그들은 길고 가늘다. 가장자리가 어두운 작은 밝은 갈색 반점이 과일에 나타날 수도 있습니다.
바람에 날리는 비에 의해 포자가 퍼지는데, 바람이 많이 부는 습한 날씨가 며칠 동안 계속되면 확산 속도가 빨라 식물이 빨리 잎을 잃습니다.","문화적 통제가 중요하다. 다음을 수행해야 합니다.
질병에 걸린 오래된 작물 옆에 새로운 작물을 심지 마십시오.
특히 잎에 작은 각진 반점이 있는 경우 파파야에서 최대한 멀리 심습니다(사진 5).
묘목장에 있는 묘목을 모두 확인하고 잎에 반점이 있는 묘목은 버리십시오.
바닥에 더 나은 공기 흐름을 제공하기 위해 식물의 아래쪽 부분에서 가지 몇 개를 제거하십시오.
질병이 발견되자마자, 특히 아래쪽 과일 트러스를 따낸 후에는 아래쪽 잎을 제거하고 태워야 합니다.
일부 지역에는 곰팡이의 숙주가 될 수 있으므로 잡초가 없는 곳을 유지하십시오.
머리 위 관개를 사용하지 마십시오. 그렇지 않으면 포자 생산 및 감염을 위한 조건이 만들어집니다.
수확이 완료되면 최대한 많은 작물을 모아 태워주세요.
같은 땅에 토마토를 다시 심기 전에 3년을 두고 윤작을 연습하십시오.",https://barmac.com.au/wp-content/uploads/sites/3/2016/01/Target-Spot-Tomato1.jpg
36,토마토 , 노란 잎 컬 바이러스,"토마토황색잎말림바이러스는 Begomovirus 속과 Geminiviridae과에 속하는 종입니다. 토마토황엽말림바이러스(TYLCV) 감염은 토마토 식물에 심각한 증상을 유발하고 전 세계적으로 심각한 수확량 손실을 초래합니다. TYLCV는 고구마 가루이, Bemisia tabaci(Gennadius)에 의해 지속적으로 전염됩니다. TYLCV에 대한 저항성을 부여하는 단일 또는 소수의 유전자를 가진 품종 및 잡종은 종종 TYLCV로 인한 손실을 완화하기 위해 식재됩니다. 이러한 저항성 유전형(품종 또는 잡종)은 TYLCV에 면역이 아닙니다. 그들은 일반적으로 전신 감염을 일으키고 경미한 증상을 나타내며 TYLCV 압력 하에서 감수성 유전자형보다 더 시장성이 있는 토마토를 생산합니다. 여러 병리학에서 단일 우성 저항성 부여 유전자를 가진 저항성 품종의 광범위한 사용으로 인해 바이러스에 대한 강력한 선택 압력이 발생하고 매우 독성이 강한 균주 및 저항성 붕괴.",바이러스와 가루이가 없는 토마토와 고추 이식만을 사용하십시오. 이식은 가루이 성충의 경우 Capture(bifenthrin) 또는 Venom(dinotefuran)으로 처리해야 하며 알과 약충의 경우 Oberon으로 처리해야 합니다. 이미다클로프리드 또는 티아메톡삼은 배송 전 최소 7일 전에 이식 시설에서 사용해야 합니다. 이미다클로프리드는 식물 전체와 잎 아래에 뿌려야 합니다. 알과 파리는 종종 나뭇잎 아래에서 발견됩니다. 가루이가 화학물질에 대한 저항성을 갖지 않도록 14~21일마다 살포하고 매달 Abamectin을 교대로 뿌리십시오.,https://gd.eppo.int/media/data/taxon/T/TYLCV0/pics/1024x0/10609.jpg
37,토마토 , 모자이크 바이러스,"토마토 모자이크 바이러스(ToMV)와 담배 모자이크 바이러스(TMV)는 구별하기 어렵습니다.
토마토 모자이크 바이러스(ToMV)는 토마토 식물의 황변 및 성장 장애를 유발하여 스탠드 손실과 수확량 감소를 초래할 수 있습니다.
ToMV는 과일의 고르지 못한 숙성을 유발하여 수확량을 더욱 감소시킬 수 있습니다.
담배모자이크바이러스(TMV)는 한때 토마토에서 더 흔한 것으로 여겨졌습니다. 
TMV는 일반적으로 토마토 병원체라기보다는 담배 병원체에 가깝습니다. 잎은 얼룩덜룩한 빛과 짙은 녹색을 띕니다.
얼룩덜룩한 밝은 녹색과 짙은 녹색의 어린 토마토 잎, 성장이 둔화되고 잎이 말려 있고 기형입니다.
토마토 모종의 담배 모자이크 바이러스 증상
식물이 조기에 감염되면 전체적으로 노랗게 보이고 성장이 둔화될 수 있습니다.
잎은 말리거나, 기형이거나, 크기가 줄어들 수 있습니다.","인증된 무병 종자를 사용하거나 직접 종자를 처리하십시오.
씨앗을 10% 인산삼나트륨(Na3PO4) 용액에 최소 15분 동안 담그십시오.
또는 건조된 씨앗을 158°F로 가열하고 그 온도에서 2~4일 동안 보관합니다.
평판이 좋은 곳에서만 이식 제품을 구입하십시오. 질병을 예방하기 위해 사용하는 위생 절차에 대해 문의하십시오.
구입하기 전에 이식편을 검사하십시오. 뚜렷한 증상이 없는 이식만을 선택합니다.
바이러스는 뿌리에서 장기간 생존할 수 있으므로 토마토 뿌리 잔해가 있는 밭에는 심지 마십시오.
식물 사이에 퍼질 가능성을 줄이기 위해 식물을 다루기 전과 다루는 동안 비누와 물로 손을 씻으십시오.",http://ucanr.edu/blogs/dirt/blogfiles/71403_original.jpg
38,토마토 , 건강,파종 1주일 전과 파종 당일에 비료를 줍니다. 그들은 특히 꽃과 꽃에서 자라는 과일이나 채소의 형성을 촉진하는 인을 좋아합니다. 토마토 식물에 꽃이 피면 과일 성장보다는 포도나무 성장을 촉진하므로 질소 함량이 높은 것을 피하십시오. 토마토 모종을 빽빽하게 심지 마십시오. 빛을 많이 제공하십시오. 정원 토양을 예열하십시오. 줄기를 묻으십시오. 토양이 따뜻해진 후 토마토 뿌리 덮개를 제거하십시오. 아래쪽 잎. 더 많은 토마토를 얻기 위해 꼬집고 자릅니다. 정기적으로 물을 줍니다.,"토마토(Solanum lycopersicum)는 남아메리카가 원산지인 가지과의 과일입니다.

식물학적으로는 과일임에도 불구하고 일반적으로 야채처럼 먹고 조리합니다.

토마토는 항산화제인 리코펜의 주요 식이 공급원으로 심장병과 암의 위험 감소를 비롯한 많은 건강상의 이점과 관련이 있습니다.

또한 비타민 C, 칼륨, 엽산 및 비타민 K의 훌륭한 공급원이기도 합니다.",https://cdn8.dissolve.com/p/D869_27_632/D869_27_632_1200.jpg
